Positive Score,Negative Score,Date
0.053,0.131,2020-03-10 22:04:01
0.163,0.178,2020-03-22 19:41:45
0.0,0.306,2020-03-22 21:38:24
0.115,0.162,2020-04-09 00:14:57
0.0,0.0,2020-03-16 05:52:17
0.0,0.0,2020-03-19 04:42:24
0.0,0.044,2020-03-24 19:44:13
0.079,0.182,2020-03-23 21:57:55
0.0,0.0,2020-04-13 00:10:28
0.0,0.31,2020-03-26 18:13:28
0.0,0.0,2020-03-19 17:45:18
0.0,0.0,2020-03-18 20:46:12
0.0,0.0,2020-04-02 22:12:17
0.0,0.296,2020-03-30 21:31:52
0.099,0.276,2020-03-27 23:12:50
0.098,0.216,2020-03-24 22:20:07
0.0,0.412,2020-03-25 17:37:46
0.0,0.0,2020-04-14 00:48:59
0.114,0.148,2020-03-28 16:22:45
0.0,0.179,2020-04-15 05:45:23
0.0,0.24,2020-04-11 22:41:29
0.248,0.0,2020-03-16 19:58:19
0.201,0.044,2020-03-19 21:22:48
0.0,0.177,2020-03-24 03:54:10
0.292,0.0,2020-03-12 15:18:23
0.067,0.377,2020-03-17 18:36:26
0.0,0.16,2020-04-20 20:46:44
0.0,0.664,2020-03-25 02:21:38
0.138,0.0,2020-03-15 22:42:42
0.0,0.231,2020-03-30 00:28:36
0.419,0.0,2020-03-27 15:18:52
0.121,0.275,2020-04-03 01:33:02
0.0,0.224,2020-03-24 13:56:49
0.131,0.1,2020-03-26 23:59:51
0.0,0.068,2020-03-06 04:15:57
0.126,0.0,2020-03-31 19:58:08
0.127,0.0,2020-03-27 20:16:03
0.229,0.0,2020-04-04 17:06:05
0.0,0.128,2020-04-03 14:47:18
0.102,0.355,2020-04-01 01:18:47
0.0,0.0,2020-04-01 07:53:48
0.0,0.0,2020-04-20 16:49:03
0.076,0.06,2020-03-16 01:54:50
0.104,0.073,2020-03-13 22:41:07
0.0,0.306,2020-03-30 04:49:24
0.0,0.0,2020-03-23 01:15:22
0.0,0.049,2020-03-14 03:14:56
0.0,0.186,2020-04-18 05:10:20
0.119,0.284,2020-03-24 04:58:35
0.0,0.0,2020-04-06 07:37:52
0.144,0.09,2020-03-22 08:22:36
0.0,0.0,2020-03-11 20:30:23
0.023,0.066,2020-04-19 02:35:01
0.0,0.0,2020-04-11 03:46:23
0.195,0.0,2020-03-13 11:28:19
0.0,0.0,2020-04-02 15:53:46
0.0,0.415,2020-04-19 21:10:02
0.0,0.0,2020-03-03 02:20:02
0.18,0.234,2020-04-06 23:17:19
0.0,0.0,2020-04-03 05:51:20
0.231,0.0,2020-03-12 05:18:45
0.121,0.049,2020-03-23 06:30:02
0.0,0.147,2020-04-04 09:28:45
0.091,0.0,2020-04-21 13:05:43
0.0,0.0,2020-03-29 17:43:46
0.179,0.0,2020-03-18 04:17:09
0.151,0.125,2020-04-20 05:31:35
0.159,0.0,2020-03-08 10:42:22
0.0,0.0,2020-03-15 06:22:45
0.0,0.0,2020-04-09 16:29:11
0.0,0.0,2020-03-15 18:24:57
0.0,0.167,2020-03-28 17:35:24
0.0,0.188,2020-04-03 19:28:29
0.0,0.0,2020-04-05 19:37:00
0.0,0.286,2020-03-11 07:29:10
0.0,0.0,2020-04-07 04:53:18
0.0,0.268,2020-03-11 15:01:01
0.0,0.216,2020-04-15 18:21:14
0.202,0.124,2020-03-23 13:31:11
0.0,0.077,2020-03-21 01:06:44
0.313,0.115,2020-03-25 23:54:24
0.097,0.0,2020-03-29 02:54:54
0.0,0.231,2020-04-07 18:07:12
0.0,0.13,2020-03-31 02:00:01
0.0,0.0,2020-04-11 16:25:03
0.0,0.0,2020-03-12 00:54:47
0.0,0.0,2020-03-31 09:13:37
0.0,0.209,2020-04-05 01:26:10
0.09,0.152,2020-03-03 21:48:31
0.0,0.0,2020-03-22 03:59:01
0.0,0.0,2020-04-15 02:35:34
0.0,0.0,2020-04-15 16:36:22
0.187,0.047,2020-03-16 02:06:22
0.0,0.14,2020-04-01 12:53:34
0.0,0.103,2020-04-06 20:01:39
0.0,0.194,2020-03-31 03:19:47
0.062,0.096,2020-04-08 15:32:50
0.0,0.0,2020-03-15 16:40:04
0.146,0.151,2020-04-14 15:35:42
0.12,0.12,2020-04-07 15:35:51
